{
  "vertices": [
    [
      -0.0,
      -0.0
    ],
    [
      0.0,
      8.0
    ],
    [
      6.6666666667,
      4.6666666667
    ],
    [
      8.0,
      -0.0
    ],
    [
      8.0,
      2.0
    ]
  ],
  "best": [
    6.6666666667,
    4.6666666667
  ],
  "Z": 70.00000000040001
}